district,disease,week,cases
Mumbai,Dengue,2024-01-07,21
Mumbai,Dengue,2024-01-14,22
Mumbai,Dengue,2024-01-21,24
Mumbai,Dengue,2024-01-28,20
Mumbai,Dengue,2024-02-04,25
Mumbai,Dengue,2024-02-11,22
Mumbai,Dengue,2024-02-18,22
Mumbai,Dengue,2024-02-25,24
Mumbai,Dengue,2024-03-03,19
Mumbai,Dengue,2024-03-10,20
Mumbai,Dengue,2024-03-17,24
Mumbai,Dengue,2024-03-24,20
Mumbai,Dengue,2024-03-31,20
Mumbai,Dengue,2024-04-07,25
Mumbai,Dengue,2024-04-14,22
Mumbai,Dengue,2024-04-21,21
Mumbai,Dengue,2024-04-28,25
Mumbai,Dengue,2024-05-05,25
Mumbai,Dengue,2024-05-12,20
Mumbai,Dengue,2024-05-19,23
Mumbai,Dengue,2024-05-26,22
Mumbai,Dengue,2024-06-02,19
Mumbai,Dengue,2024-06-09,25
Mumbai,Dengue,2024-06-16,21
Mumbai,Dengue,2024-06-23,23
Mumbai,Dengue,2024-06-30,23
Mumbai,Dengue,2024-07-07,19
Mumbai,Dengue,2024-07-14,25
Mumbai,Dengue,2024-07-21,21
Mumbai,Dengue,2024-07-28,22
Mumbai,Dengue,2024-08-04,18
Mumbai,Dengue,2024-08-11,21
Mumbai,Dengue,2024-08-18,19
Mumbai,Dengue,2024-08-25,23
Mumbai,Dengue,2024-09-01,22
Mumbai,Dengue,2024-09-08,21
Mumbai,Dengue,2024-09-15,18
Mumbai,Dengue,2024-09-22,18
Mumbai,Dengue,2024-09-29,20
Mumbai,Dengue,2024-10-06,20
Mumbai,Dengue,2024-10-13,24
Mumbai,Dengue,2024-10-20,19
Mumbai,Dengue,2024-10-27,25
Mumbai,Dengue,2024-11-03,21
Mumbai,Dengue,2024-11-10,21
Mumbai,Dengue,2024-11-17,25
Mumbai,Dengue,2024-11-24,24
Mumbai,Dengue,2024-12-01,23
Mumbai,Dengue,2024-12-08,168
Mumbai,Dengue,2024-12-15,168
Mumbai,Dengue,2024-12-22,168
Mumbai,Dengue,2024-12-29,168
Mumbai,Malaria,2024-01-07,31
Mumbai,Malaria,2024-01-14,30
Mumbai,Malaria,2024-01-21,27
Mumbai,Malaria,2024-01-28,28
Mumbai,Malaria,2024-02-04,31
Mumbai,Malaria,2024-02-11,28
Mumbai,Malaria,2024-02-18,32
Mumbai,Malaria,2024-02-25,25
Mumbai,Malaria,2024-03-03,27
Mumbai,Malaria,2024-03-10,29
Mumbai,Malaria,2024-03-17,27
Mumbai,Malaria,2024-03-24,31
Mumbai,Malaria,2024-03-31,29
Mumbai,Malaria,2024-04-07,25
Mumbai,Malaria,2024-04-14,31
Mumbai,Malaria,2024-04-21,26
Mumbai,Malaria,2024-04-28,28
Mumbai,Malaria,2024-05-05,25
Mumbai,Malaria,2024-05-12,28
Mumbai,Malaria,2024-05-19,30
Mumbai,Malaria,2024-05-26,26
Mumbai,Malaria,2024-06-02,26
Mumbai,Malaria,2024-06-09,25
Mumbai,Malaria,2024-06-16,26
Mumbai,Malaria,2024-06-23,29
Mumbai,Malaria,2024-06-30,26
Mumbai,Malaria,2024-07-07,28
Mumbai,Malaria,2024-07-14,28
Mumbai,Malaria,2024-07-21,31
Mumbai,Malaria,2024-07-28,28
Mumbai,Malaria,2024-08-04,31
Mumbai,Malaria,2024-08-11,28
Mumbai,Malaria,2024-08-18,29
Mumbai,Malaria,2024-08-25,32
Mumbai,Malaria,2024-09-01,31
Mumbai,Malaria,2024-09-08,27
Mumbai,Malaria,2024-09-15,30
Mumbai,Malaria,2024-09-22,25
Mumbai,Malaria,2024-09-29,28
Mumbai,Malaria,2024-10-06,26
Mumbai,Malaria,2024-10-13,32
Mumbai,Malaria,2024-10-20,28
Mumbai,Malaria,2024-10-27,26
Mumbai,Malaria,2024-11-03,30
Mumbai,Malaria,2024-11-10,30
Mumbai,Malaria,2024-11-17,30
Mumbai,Malaria,2024-11-24,26
Mumbai,Malaria,2024-12-01,28
Mumbai,Malaria,2024-12-08,224
Mumbai,Malaria,2024-12-15,224
Mumbai,Malaria,2024-12-22,224
Mumbai,Malaria,2024-12-29,224
Mumbai,Cholera,2024-01-07,21
Mumbai,Cholera,2024-01-14,23
Mumbai,Cholera,2024-01-21,18
Mumbai,Cholera,2024-01-28,18
Mumbai,Cholera,2024-02-04,20
Mumbai,Cholera,2024-02-11,18
Mumbai,Cholera,2024-02-18,18
Mumbai,Cholera,2024-02-25,22
Mumbai,Cholera,2024-03-03,20
Mumbai,Cholera,2024-03-10,22
Mumbai,Cholera,2024-03-17,23
Mumbai,Cholera,2024-03-24,24
Mumbai,Cholera,2024-03-31,23
Mumbai,Cholera,2024-04-07,24
Mumbai,Cholera,2024-04-14,22
Mumbai,Cholera,2024-04-21,23
Mumbai,Cholera,2024-04-28,20
Mumbai,Cholera,2024-05-05,17
Mumbai,Cholera,2024-05-12,22
Mumbai,Cholera,2024-05-19,24
Mumbai,Cholera,2024-05-26,21
Mumbai,Cholera,2024-06-02,24
Mumbai,Cholera,2024-06-09,21
Mumbai,Cholera,2024-06-16,18
Mumbai,Cholera,2024-06-23,23
Mumbai,Cholera,2024-06-30,21
Mumbai,Cholera,2024-07-07,24
Mumbai,Cholera,2024-07-14,18
Mumbai,Cholera,2024-07-21,17
Mumbai,Cholera,2024-07-28,20
Mumbai,Cholera,2024-08-04,20
Mumbai,Cholera,2024-08-11,20
Mumbai,Cholera,2024-08-18,21
Mumbai,Cholera,2024-08-25,17
Mumbai,Cholera,2024-09-01,21
Mumbai,Cholera,2024-09-08,23
Mumbai,Cholera,2024-09-15,21
Mumbai,Cholera,2024-09-22,17
Mumbai,Cholera,2024-09-29,17
Mumbai,Cholera,2024-10-06,23
Mumbai,Cholera,2024-10-13,17
Mumbai,Cholera,2024-10-20,24
Mumbai,Cholera,2024-10-27,17
Mumbai,Cholera,2024-11-03,20
Mumbai,Cholera,2024-11-10,24
Mumbai,Cholera,2024-11-17,24
Mumbai,Cholera,2024-11-24,23
Mumbai,Cholera,2024-12-01,19
Mumbai,Cholera,2024-12-08,160
Mumbai,Cholera,2024-12-15,160
Mumbai,Cholera,2024-12-22,160
Mumbai,Cholera,2024-12-29,160
Delhi,Dengue,2024-01-07,14
Delhi,Dengue,2024-01-14,21
Delhi,Dengue,2024-01-21,16
Delhi,Dengue,2024-01-28,16
Delhi,Dengue,2024-02-04,14
Delhi,Dengue,2024-02-11,16
Delhi,Dengue,2024-02-18,18
Delhi,Dengue,2024-02-25,15
Delhi,Dengue,2024-03-03,20
Delhi,Dengue,2024-03-10,15
Delhi,Dengue,2024-03-17,14
Delhi,Dengue,2024-03-24,17
Delhi,Dengue,2024-03-31,20
Delhi,Dengue,2024-04-07,14
Delhi,Dengue,2024-04-14,21
Delhi,Dengue,2024-04-21,17
Delhi,Dengue,2024-04-28,15
Delhi,Dengue,2024-05-05,14
Delhi,Dengue,2024-05-12,21
Delhi,Dengue,2024-05-19,20
Delhi,Dengue,2024-05-26,20
Delhi,Dengue,2024-06-02,19
Delhi,Dengue,2024-06-09,21
Delhi,Dengue,2024-06-16,18
Delhi,Dengue,2024-06-23,16
Delhi,Dengue,2024-06-30,17
Delhi,Dengue,2024-07-07,21
Delhi,Dengue,2024-07-14,19
Delhi,Dengue,2024-07-21,16
Delhi,Dengue,2024-07-28,16
Delhi,Dengue,2024-08-04,14
Delhi,Dengue,2024-08-11,16
Delhi,Dengue,2024-08-18,18
Delhi,Dengue,2024-08-25,20
Delhi,Dengue,2024-09-01,19
Delhi,Dengue,2024-09-08,16
Delhi,Dengue,2024-09-15,14
Delhi,Dengue,2024-09-22,18
Delhi,Dengue,2024-09-29,15
Delhi,Dengue,2024-10-06,20
Delhi,Dengue,2024-10-13,20
Delhi,Dengue,2024-10-20,19
Delhi,Dengue,2024-10-27,20
Delhi,Dengue,2024-11-03,16
Delhi,Dengue,2024-11-10,14
Delhi,Dengue,2024-11-17,20
Delhi,Dengue,2024-11-24,20
Delhi,Dengue,2024-12-01,15
Delhi,Dengue,2024-12-08,102
Delhi,Dengue,2024-12-15,102
Delhi,Dengue,2024-12-22,102
Delhi,Dengue,2024-12-29,102
Delhi,Malaria,2024-01-07,24
Delhi,Malaria,2024-01-14,25
Delhi,Malaria,2024-01-21,23
Delhi,Malaria,2024-01-28,27
Delhi,Malaria,2024-02-04,28
Delhi,Malaria,2024-02-11,27
Delhi,Malaria,2024-02-18,21
Delhi,Malaria,2024-02-25,24
Delhi,Malaria,2024-03-03,25
Delhi,Malaria,2024-03-10,28
Delhi,Malaria,2024-03-17,24
Delhi,Malaria,2024-03-24,26
Delhi,Malaria,2024-03-31,25
Delhi,Malaria,2024-04-07,27
Delhi,Malaria,2024-04-14,27
Delhi,Malaria,2024-04-21,25
Delhi,Malaria,2024-04-28,27
Delhi,Malaria,2024-05-05,23
Delhi,Malaria,2024-05-12,25
Delhi,Malaria,2024-05-19,24
Delhi,Malaria,2024-05-26,25
Delhi,Malaria,2024-06-02,28
Delhi,Malaria,2024-06-09,27
Delhi,Malaria,2024-06-16,23
Delhi,Malaria,2024-06-23,23
Delhi,Malaria,2024-06-30,26
Delhi,Malaria,2024-07-07,24
Delhi,Malaria,2024-07-14,22
Delhi,Malaria,2024-07-21,22
Delhi,Malaria,2024-07-28,25
Delhi,Malaria,2024-08-04,26
Delhi,Malaria,2024-08-11,21
Delhi,Malaria,2024-08-18,25
Delhi,Malaria,2024-08-25,26
Delhi,Malaria,2024-09-01,24
Delhi,Malaria,2024-09-08,24
Delhi,Malaria,2024-09-15,24
Delhi,Malaria,2024-09-22,24
Delhi,Malaria,2024-09-29,24
Delhi,Malaria,2024-10-06,26
Delhi,Malaria,2024-10-13,26
Delhi,Malaria,2024-10-20,23
Delhi,Malaria,2024-10-27,28
Delhi,Malaria,2024-11-03,22
Delhi,Malaria,2024-11-10,27
Delhi,Malaria,2024-11-17,24
Delhi,Malaria,2024-11-24,21
Delhi,Malaria,2024-12-01,27
Delhi,Malaria,2024-12-08,144
Delhi,Malaria,2024-12-15,144
Delhi,Malaria,2024-12-22,144
Delhi,Malaria,2024-12-29,144
Delhi,Cholera,2024-01-07,25
Delhi,Cholera,2024-01-14,25
Delhi,Cholera,2024-01-21,25
Delhi,Cholera,2024-01-28,27
Delhi,Cholera,2024-02-04,30
Delhi,Cholera,2024-02-11,25
Delhi,Cholera,2024-02-18,28
Delhi,Cholera,2024-02-25,29
Delhi,Cholera,2024-03-03,25
Delhi,Cholera,2024-03-10,27
Delhi,Cholera,2024-03-17,31
Delhi,Cholera,2024-03-24,30
Delhi,Cholera,2024-03-31,32
Delhi,Cholera,2024-04-07,27
Delhi,Cholera,2024-04-14,25
Delhi,Cholera,2024-04-21,30
Delhi,Cholera,2024-04-28,29
Delhi,Cholera,2024-05-05,25
Delhi,Cholera,2024-05-12,27
Delhi,Cholera,2024-05-19,26
Delhi,Cholera,2024-05-26,28
Delhi,Cholera,2024-06-02,32
Delhi,Cholera,2024-06-09,31
Delhi,Cholera,2024-06-16,27
Delhi,Cholera,2024-06-23,30
Delhi,Cholera,2024-06-30,32
Delhi,Cholera,2024-07-07,32
Delhi,Cholera,2024-07-14,32
Delhi,Cholera,2024-07-21,25
Delhi,Cholera,2024-07-28,28
Delhi,Cholera,2024-08-04,25
Delhi,Cholera,2024-08-11,30
Delhi,Cholera,2024-08-18,25
Delhi,Cholera,2024-08-25,26
Delhi,Cholera,2024-09-01,28
Delhi,Cholera,2024-09-08,28
Delhi,Cholera,2024-09-15,30
Delhi,Cholera,2024-09-22,31
Delhi,Cholera,2024-09-29,26
Delhi,Cholera,2024-10-06,27
Delhi,Cholera,2024-10-13,25
Delhi,Cholera,2024-10-20,29
Delhi,Cholera,2024-10-27,25
Delhi,Cholera,2024-11-03,32
Delhi,Cholera,2024-11-10,25
Delhi,Cholera,2024-11-17,27
Delhi,Cholera,2024-11-24,25
Delhi,Cholera,2024-12-01,26
Delhi,Cholera,2024-12-08,168
Delhi,Cholera,2024-12-15,168
Delhi,Cholera,2024-12-22,168
Delhi,Cholera,2024-12-29,168
Bengaluru,Dengue,2024-01-07,16
Bengaluru,Dengue,2024-01-14,18
Bengaluru,Dengue,2024-01-21,19
Bengaluru,Dengue,2024-01-28,17
Bengaluru,Dengue,2024-02-04,20
Bengaluru,Dengue,2024-02-11,13
Bengaluru,Dengue,2024-02-18,13
Bengaluru,Dengue,2024-02-25,15
Bengaluru,Dengue,2024-03-03,18
Bengaluru,Dengue,2024-03-10,14
Bengaluru,Dengue,2024-03-17,17
Bengaluru,Dengue,2024-03-24,16
Bengaluru,Dengue,2024-03-31,14
Bengaluru,Dengue,2024-04-07,20
Bengaluru,Dengue,2024-04-14,18
Bengaluru,Dengue,2024-04-21,20
Bengaluru,Dengue,2024-04-28,19
Bengaluru,Dengue,2024-05-05,16
Bengaluru,Dengue,2024-05-12,19
Bengaluru,Dengue,2024-05-19,15
Bengaluru,Dengue,2024-05-26,20
Bengaluru,Dengue,2024-06-02,15
Bengaluru,Dengue,2024-06-09,13
Bengaluru,Dengue,2024-06-16,19
Bengaluru,Dengue,2024-06-23,18
Bengaluru,Dengue,2024-06-30,20
Bengaluru,Dengue,2024-07-07,17
Bengaluru,Dengue,2024-07-14,16
Bengaluru,Dengue,2024-07-21,14
Bengaluru,Dengue,2024-07-28,18
Bengaluru,Dengue,2024-08-04,18
Bengaluru,Dengue,2024-08-11,15
Bengaluru,Dengue,2024-08-18,19
Bengaluru,Dengue,2024-08-25,20
Bengaluru,Dengue,2024-09-01,20
Bengaluru,Dengue,2024-09-08,13
Bengaluru,Dengue,2024-09-15,13
Bengaluru,Dengue,2024-09-22,16
Bengaluru,Dengue,2024-09-29,15
Bengaluru,Dengue,2024-10-06,18
Bengaluru,Dengue,2024-10-13,20
Bengaluru,Dengue,2024-10-20,17
Bengaluru,Dengue,2024-10-27,15
Bengaluru,Dengue,2024-11-03,16
Bengaluru,Dengue,2024-11-10,16
Bengaluru,Dengue,2024-11-17,15
Bengaluru,Dengue,2024-11-24,16
Bengaluru,Dengue,2024-12-01,15
Bengaluru,Dengue,2024-12-08,48
Bengaluru,Dengue,2024-12-15,48
Bengaluru,Dengue,2024-12-22,48
Bengaluru,Dengue,2024-12-29,48
Bengaluru,Malaria,2024-01-07,23
Bengaluru,Malaria,2024-01-14,27
Bengaluru,Malaria,2024-01-21,23
Bengaluru,Malaria,2024-01-28,24
Bengaluru,Malaria,2024-02-04,28
Bengaluru,Malaria,2024-02-11,27
Bengaluru,Malaria,2024-02-18,24
Bengaluru,Malaria,2024-02-25,21
Bengaluru,Malaria,2024-03-03,21
Bengaluru,Malaria,2024-03-10,28
Bengaluru,Malaria,2024-03-17,28
Bengaluru,Malaria,2024-03-24,27
Bengaluru,Malaria,2024-03-31,22
Bengaluru,Malaria,2024-04-07,28
Bengaluru,Malaria,2024-04-14,21
Bengaluru,Malaria,2024-04-21,23
Bengaluru,Malaria,2024-04-28,24
Bengaluru,Malaria,2024-05-05,21
Bengaluru,Malaria,2024-05-12,21
Bengaluru,Malaria,2024-05-19,22
Bengaluru,Malaria,2024-05-26,27
Bengaluru,Malaria,2024-06-02,27
Bengaluru,Malaria,2024-06-09,26
Bengaluru,Malaria,2024-06-16,22
Bengaluru,Malaria,2024-06-23,23
Bengaluru,Malaria,2024-06-30,27
Bengaluru,Malaria,2024-07-07,24
Bengaluru,Malaria,2024-07-14,28
Bengaluru,Malaria,2024-07-21,22
Bengaluru,Malaria,2024-07-28,28
Bengaluru,Malaria,2024-08-04,21
Bengaluru,Malaria,2024-08-11,24
Bengaluru,Malaria,2024-08-18,24
Bengaluru,Malaria,2024-08-25,21
Bengaluru,Malaria,2024-09-01,22
Bengaluru,Malaria,2024-09-08,21
Bengaluru,Malaria,2024-09-15,28
Bengaluru,Malaria,2024-09-22,26
Bengaluru,Malaria,2024-09-29,24
Bengaluru,Malaria,2024-10-06,25
Bengaluru,Malaria,2024-10-13,25
Bengaluru,Malaria,2024-10-20,28
Bengaluru,Malaria,2024-10-27,23
Bengaluru,Malaria,2024-11-03,27
Bengaluru,Malaria,2024-11-10,21
Bengaluru,Malaria,2024-11-17,21
Bengaluru,Malaria,2024-11-24,23
Bengaluru,Malaria,2024-12-01,23
Bengaluru,Malaria,2024-12-08,72
Bengaluru,Malaria,2024-12-15,72
Bengaluru,Malaria,2024-12-22,72
Bengaluru,Malaria,2024-12-29,72
Bengaluru,Cholera,2024-01-07,17
Bengaluru,Cholera,2024-01-14,21
Bengaluru,Cholera,2024-01-21,19
Bengaluru,Cholera,2024-01-28,21
Bengaluru,Cholera,2024-02-04,14
Bengaluru,Cholera,2024-02-11,21
Bengaluru,Cholera,2024-02-18,17
Bengaluru,Cholera,2024-02-25,16
Bengaluru,Cholera,2024-03-03,14
Bengaluru,Cholera,2024-03-10,21
Bengaluru,Cholera,2024-03-17,17
Bengaluru,Cholera,2024-03-24,19
Bengaluru,Cholera,2024-03-31,21
Bengaluru,Cholera,2024-04-07,17
Bengaluru,Cholera,2024-04-14,19
Bengaluru,Cholera,2024-04-21,16
Bengaluru,Cholera,2024-04-28,21
Bengaluru,Cholera,2024-05-05,19
Bengaluru,Cholera,2024-05-12,14
Bengaluru,Cholera,2024-05-19,16
Bengaluru,Cholera,2024-05-26,14
Bengaluru,Cholera,2024-06-02,18
Bengaluru,Cholera,2024-06-09,15
Bengaluru,Cholera,2024-06-16,21
Bengaluru,Cholera,2024-06-23,19
Bengaluru,Cholera,2024-06-30,15
Bengaluru,Cholera,2024-07-07,15
Bengaluru,Cholera,2024-07-14,19
Bengaluru,Cholera,2024-07-21,16
Bengaluru,Cholera,2024-07-28,21
Bengaluru,Cholera,2024-08-04,18
Bengaluru,Cholera,2024-08-11,14
Bengaluru,Cholera,2024-08-18,17
Bengaluru,Cholera,2024-08-25,14
Bengaluru,Cholera,2024-09-01,17
Bengaluru,Cholera,2024-09-08,14
Bengaluru,Cholera,2024-09-15,19
Bengaluru,Cholera,2024-09-22,18
Bengaluru,Cholera,2024-09-29,21
Bengaluru,Cholera,2024-10-06,17
Bengaluru,Cholera,2024-10-13,21
Bengaluru,Cholera,2024-10-20,21
Bengaluru,Cholera,2024-10-27,21
Bengaluru,Cholera,2024-11-03,20
Bengaluru,Cholera,2024-11-10,16
Bengaluru,Cholera,2024-11-17,14
Bengaluru,Cholera,2024-11-24,21
Bengaluru,Cholera,2024-12-01,14
Bengaluru,Cholera,2024-12-08,51
Bengaluru,Cholera,2024-12-15,51
Bengaluru,Cholera,2024-12-22,51
Bengaluru,Cholera,2024-12-29,51
Chennai,Dengue,2024-01-07,25
Chennai,Dengue,2024-01-14,25
Chennai,Dengue,2024-01-21,28
Chennai,Dengue,2024-01-28,29
Chennai,Dengue,2024-02-04,28
Chennai,Dengue,2024-02-11,28
Chennai,Dengue,2024-02-18,28
Chennai,Dengue,2024-02-25,28
Chennai,Dengue,2024-03-03,28
Chennai,Dengue,2024-03-10,27
Chennai,Dengue,2024-03-17,25
Chennai,Dengue,2024-03-24,28
Chennai,Dengue,2024-03-31,30
Chennai,Dengue,2024-04-07,25
Chennai,Dengue,2024-04-14,25
Chennai,Dengue,2024-04-21,24
Chennai,Dengue,2024-04-28,27
Chennai,Dengue,2024-05-05,28
Chennai,Dengue,2024-05-12,23
Chennai,Dengue,2024-05-19,26
Chennai,Dengue,2024-05-26,29
Chennai,Dengue,2024-06-02,30
Chennai,Dengue,2024-06-09,23
Chennai,Dengue,2024-06-16,27
Chennai,Dengue,2024-06-23,26
Chennai,Dengue,2024-06-30,27
Chennai,Dengue,2024-07-07,30
Chennai,Dengue,2024-07-14,25
Chennai,Dengue,2024-07-21,26
Chennai,Dengue,2024-07-28,25
Chennai,Dengue,2024-08-04,30
Chennai,Dengue,2024-08-11,23
Chennai,Dengue,2024-08-18,30
Chennai,Dengue,2024-08-25,23
Chennai,Dengue,2024-09-01,26
Chennai,Dengue,2024-09-08,26
Chennai,Dengue,2024-09-15,28
Chennai,Dengue,2024-09-22,27
Chennai,Dengue,2024-09-29,28
Chennai,Dengue,2024-10-06,27
Chennai,Dengue,2024-10-13,28
Chennai,Dengue,2024-10-20,25
Chennai,Dengue,2024-10-27,26
Chennai,Dengue,2024-11-03,23
Chennai,Dengue,2024-11-10,27
Chennai,Dengue,2024-11-17,30
Chennai,Dengue,2024-11-24,27
Chennai,Dengue,2024-12-01,23
Chennai,Dengue,2024-12-08,52
Chennai,Dengue,2024-12-15,52
Chennai,Dengue,2024-12-22,52
Chennai,Dengue,2024-12-29,52
Chennai,Malaria,2024-01-07,29
Chennai,Malaria,2024-01-14,31
Chennai,Malaria,2024-01-21,27
Chennai,Malaria,2024-01-28,28
Chennai,Malaria,2024-02-04,25
Chennai,Malaria,2024-02-11,28
Chennai,Malaria,2024-02-18,31
Chennai,Malaria,2024-02-25,29
Chennai,Malaria,2024-03-03,29
Chennai,Malaria,2024-03-10,32
Chennai,Malaria,2024-03-17,31
Chennai,Malaria,2024-03-24,25
Chennai,Malaria,2024-03-31,32
Chennai,Malaria,2024-04-07,27
Chennai,Malaria,2024-04-14,32
Chennai,Malaria,2024-04-21,26
Chennai,Malaria,2024-04-28,25
Chennai,Malaria,2024-05-05,26
Chennai,Malaria,2024-05-12,31
Chennai,Malaria,2024-05-19,30
Chennai,Malaria,2024-05-26,26
Chennai,Malaria,2024-06-02,27
Chennai,Malaria,2024-06-09,32
Chennai,Malaria,2024-06-16,30
Chennai,Malaria,2024-06-23,32
Chennai,Malaria,2024-06-30,26
Chennai,Malaria,2024-07-07,32
Chennai,Malaria,2024-07-14,31
Chennai,Malaria,2024-07-21,30
Chennai,Malaria,2024-07-28,31
Chennai,Malaria,2024-08-04,26
Chennai,Malaria,2024-08-11,31
Chennai,Malaria,2024-08-18,27
Chennai,Malaria,2024-08-25,26
Chennai,Malaria,2024-09-01,26
Chennai,Malaria,2024-09-08,26
Chennai,Malaria,2024-09-15,25
Chennai,Malaria,2024-09-22,32
Chennai,Malaria,2024-09-29,25
Chennai,Malaria,2024-10-06,25
Chennai,Malaria,2024-10-13,27
Chennai,Malaria,2024-10-20,30
Chennai,Malaria,2024-10-27,32
Chennai,Malaria,2024-11-03,31
Chennai,Malaria,2024-11-10,29
Chennai,Malaria,2024-11-17,26
Chennai,Malaria,2024-11-24,31
Chennai,Malaria,2024-12-01,26
Chennai,Malaria,2024-12-08,56
Chennai,Malaria,2024-12-15,56
Chennai,Malaria,2024-12-22,56
Chennai,Malaria,2024-12-29,56
Chennai,Cholera,2024-01-07,15
Chennai,Cholera,2024-01-14,14
Chennai,Cholera,2024-01-21,21
Chennai,Cholera,2024-01-28,18
Chennai,Cholera,2024-02-04,17
Chennai,Cholera,2024-02-11,15
Chennai,Cholera,2024-02-18,20
Chennai,Cholera,2024-02-25,14
Chennai,Cholera,2024-03-03,17
Chennai,Cholera,2024-03-10,18
Chennai,Cholera,2024-03-17,17
Chennai,Cholera,2024-03-24,14
Chennai,Cholera,2024-03-31,21
Chennai,Cholera,2024-04-07,21
Chennai,Cholera,2024-04-14,19
Chennai,Cholera,2024-04-21,21
Chennai,Cholera,2024-04-28,19
Chennai,Cholera,2024-05-05,17
Chennai,Cholera,2024-05-12,16
Chennai,Cholera,2024-05-19,20
Chennai,Cholera,2024-05-26,20
Chennai,Cholera,2024-06-02,17
Chennai,Cholera,2024-06-09,15
Chennai,Cholera,2024-06-16,15
Chennai,Cholera,2024-06-23,21
Chennai,Cholera,2024-06-30,20
Chennai,Cholera,2024-07-07,20
Chennai,Cholera,2024-07-14,19
Chennai,Cholera,2024-07-21,16
Chennai,Cholera,2024-07-28,14
Chennai,Cholera,2024-08-04,15
Chennai,Cholera,2024-08-11,20
Chennai,Cholera,2024-08-18,19
Chennai,Cholera,2024-08-25,18
Chennai,Cholera,2024-09-01,19
Chennai,Cholera,2024-09-08,15
Chennai,Cholera,2024-09-15,15
Chennai,Cholera,2024-09-22,19
Chennai,Cholera,2024-09-29,14
Chennai,Cholera,2024-10-06,17
Chennai,Cholera,2024-10-13,15
Chennai,Cholera,2024-10-20,19
Chennai,Cholera,2024-10-27,20
Chennai,Cholera,2024-11-03,19
Chennai,Cholera,2024-11-10,16
Chennai,Cholera,2024-11-17,17
Chennai,Cholera,2024-11-24,18
Chennai,Cholera,2024-12-01,14
Chennai,Cholera,2024-12-08,34
Chennai,Cholera,2024-12-15,34
Chennai,Cholera,2024-12-22,34
Chennai,Cholera,2024-12-29,34
Kolkata,Dengue,2024-01-07,23
Kolkata,Dengue,2024-01-14,22
Kolkata,Dengue,2024-01-21,22
Kolkata,Dengue,2024-01-28,22
Kolkata,Dengue,2024-02-04,23
Kolkata,Dengue,2024-02-11,25
Kolkata,Dengue,2024-02-18,22
Kolkata,Dengue,2024-02-25,24
Kolkata,Dengue,2024-03-03,23
Kolkata,Dengue,2024-03-10,26
Kolkata,Dengue,2024-03-17,22
Kolkata,Dengue,2024-03-24,24
Kolkata,Dengue,2024-03-31,25
Kolkata,Dengue,2024-04-07,21
Kolkata,Dengue,2024-04-14,25
Kolkata,Dengue,2024-04-21,26
Kolkata,Dengue,2024-04-28,22
Kolkata,Dengue,2024-05-05,26
Kolkata,Dengue,2024-05-12,23
Kolkata,Dengue,2024-05-19,20
Kolkata,Dengue,2024-05-26,22
Kolkata,Dengue,2024-06-02,20
Kolkata,Dengue,2024-06-09,24
Kolkata,Dengue,2024-06-16,21
Kolkata,Dengue,2024-06-23,19
Kolkata,Dengue,2024-06-30,26
Kolkata,Dengue,2024-07-07,25
Kolkata,Dengue,2024-07-14,21
Kolkata,Dengue,2024-07-21,22
Kolkata,Dengue,2024-07-28,20
Kolkata,Dengue,2024-08-04,25
Kolkata,Dengue,2024-08-11,20
Kolkata,Dengue,2024-08-18,23
Kolkata,Dengue,2024-08-25,20
Kolkata,Dengue,2024-09-01,23
Kolkata,Dengue,2024-09-08,24
Kolkata,Dengue,2024-09-15,25
Kolkata,Dengue,2024-09-22,25
Kolkata,Dengue,2024-09-29,19
Kolkata,Dengue,2024-10-06,22
Kolkata,Dengue,2024-10-13,23
Kolkata,Dengue,2024-10-20,19
Kolkata,Dengue,2024-10-27,20
Kolkata,Dengue,2024-11-03,20
Kolkata,Dengue,2024-11-10,19
Kolkata,Dengue,2024-11-17,25
Kolkata,Dengue,2024-11-24,20
Kolkata,Dengue,2024-12-01,26
Kolkata,Dengue,2024-12-08,33
Kolkata,Dengue,2024-12-15,33
Kolkata,Dengue,2024-12-22,33
Kolkata,Dengue,2024-12-29,33
Kolkata,Malaria,2024-01-07,30
Kolkata,Malaria,2024-01-14,32
Kolkata,Malaria,2024-01-21,25
Kolkata,Malaria,2024-01-28,32
Kolkata,Malaria,2024-02-04,29
Kolkata,Malaria,2024-02-11,29
Kolkata,Malaria,2024-02-18,25
Kolkata,Malaria,2024-02-25,32
Kolkata,Malaria,2024-03-03,29
Kolkata,Malaria,2024-03-10,31
Kolkata,Malaria,2024-03-17,32
Kolkata,Malaria,2024-03-24,31
Kolkata,Malaria,2024-03-31,29
Kolkata,Malaria,2024-04-07,30
Kolkata,Malaria,2024-04-14,29
Kolkata,Malaria,2024-04-21,31
Kolkata,Malaria,2024-04-28,27
Kolkata,Malaria,2024-05-05,28
Kolkata,Malaria,2024-05-12,26
Kolkata,Malaria,2024-05-19,32
Kolkata,Malaria,2024-05-26,27
Kolkata,Malaria,2024-06-02,29
Kolkata,Malaria,2024-06-09,30
Kolkata,Malaria,2024-06-16,25
Kolkata,Malaria,2024-06-23,29
Kolkata,Malaria,2024-06-30,30
Kolkata,Malaria,2024-07-07,28
Kolkata,Malaria,2024-07-14,29
Kolkata,Malaria,2024-07-21,31
Kolkata,Malaria,2024-07-28,25
Kolkata,Malaria,2024-08-04,30
Kolkata,Malaria,2024-08-11,30
Kolkata,Malaria,2024-08-18,30
Kolkata,Malaria,2024-08-25,28
Kolkata,Malaria,2024-09-01,29
Kolkata,Malaria,2024-09-08,28
Kolkata,Malaria,2024-09-15,32
Kolkata,Malaria,2024-09-22,26
Kolkata,Malaria,2024-09-29,26
Kolkata,Malaria,2024-10-06,32
Kolkata,Malaria,2024-10-13,29
Kolkata,Malaria,2024-10-20,31
Kolkata,Malaria,2024-10-27,28
Kolkata,Malaria,2024-11-03,25
Kolkata,Malaria,2024-11-10,30
Kolkata,Malaria,2024-11-17,30
Kolkata,Malaria,2024-11-24,29
Kolkata,Malaria,2024-12-01,31
Kolkata,Malaria,2024-12-08,42
Kolkata,Malaria,2024-12-15,42
Kolkata,Malaria,2024-12-22,42
Kolkata,Malaria,2024-12-29,42
Kolkata,Cholera,2024-01-07,22
Kolkata,Cholera,2024-01-14,26
Kolkata,Cholera,2024-01-21,25
Kolkata,Cholera,2024-01-28,24
Kolkata,Cholera,2024-02-04,22
Kolkata,Cholera,2024-02-11,24
Kolkata,Cholera,2024-02-18,27
Kolkata,Cholera,2024-02-25,22
Kolkata,Cholera,2024-03-03,22
Kolkata,Cholera,2024-03-10,23
Kolkata,Cholera,2024-03-17,22
Kolkata,Cholera,2024-03-24,28
Kolkata,Cholera,2024-03-31,21
Kolkata,Cholera,2024-04-07,28
Kolkata,Cholera,2024-04-14,25
Kolkata,Cholera,2024-04-21,25
Kolkata,Cholera,2024-04-28,24
Kolkata,Cholera,2024-05-05,28
Kolkata,Cholera,2024-05-12,28
Kolkata,Cholera,2024-05-19,28
Kolkata,Cholera,2024-05-26,27
Kolkata,Cholera,2024-06-02,22
Kolkata,Cholera,2024-06-09,21
Kolkata,Cholera,2024-06-16,24
Kolkata,Cholera,2024-06-23,28
Kolkata,Cholera,2024-06-30,28
Kolkata,Cholera,2024-07-07,23
Kolkata,Cholera,2024-07-14,24
Kolkata,Cholera,2024-07-21,28
Kolkata,Cholera,2024-07-28,24
Kolkata,Cholera,2024-08-04,22
Kolkata,Cholera,2024-08-11,23
Kolkata,Cholera,2024-08-18,24
Kolkata,Cholera,2024-08-25,21
Kolkata,Cholera,2024-09-01,21
Kolkata,Cholera,2024-09-08,25
Kolkata,Cholera,2024-09-15,23
Kolkata,Cholera,2024-09-22,23
Kolkata,Cholera,2024-09-29,25
Kolkata,Cholera,2024-10-06,24
Kolkata,Cholera,2024-10-13,23
Kolkata,Cholera,2024-10-20,21
Kolkata,Cholera,2024-10-27,21
Kolkata,Cholera,2024-11-03,28
Kolkata,Cholera,2024-11-10,22
Kolkata,Cholera,2024-11-17,23
Kolkata,Cholera,2024-11-24,24
Kolkata,Cholera,2024-12-01,25
Kolkata,Cholera,2024-12-08,36
Kolkata,Cholera,2024-12-15,36
Kolkata,Cholera,2024-12-22,36
Kolkata,Cholera,2024-12-29,36
Pune,Dengue,2024-01-07,27
Pune,Dengue,2024-01-14,30
Pune,Dengue,2024-01-21,29
Pune,Dengue,2024-01-28,25
Pune,Dengue,2024-02-04,28
Pune,Dengue,2024-02-11,26
Pune,Dengue,2024-02-18,25
Pune,Dengue,2024-02-25,26
Pune,Dengue,2024-03-03,30
Pune,Dengue,2024-03-10,24
Pune,Dengue,2024-03-17,25
Pune,Dengue,2024-03-24,31
Pune,Dengue,2024-03-31,28
Pune,Dengue,2024-04-07,25
Pune,Dengue,2024-04-14,25
Pune,Dengue,2024-04-21,25
Pune,Dengue,2024-04-28,29
Pune,Dengue,2024-05-05,25
Pune,Dengue,2024-05-12,26
Pune,Dengue,2024-05-19,24
Pune,Dengue,2024-05-26,30
Pune,Dengue,2024-06-02,27
Pune,Dengue,2024-06-09,25
Pune,Dengue,2024-06-16,28
Pune,Dengue,2024-06-23,25
Pune,Dengue,2024-06-30,28
Pune,Dengue,2024-07-07,26
Pune,Dengue,2024-07-14,28
Pune,Dengue,2024-07-21,31
Pune,Dengue,2024-07-28,27
Pune,Dengue,2024-08-04,24
Pune,Dengue,2024-08-11,28
Pune,Dengue,2024-08-18,28
Pune,Dengue,2024-08-25,24
Pune,Dengue,2024-09-01,27
Pune,Dengue,2024-09-08,25
Pune,Dengue,2024-09-15,28
Pune,Dengue,2024-09-22,24
Pune,Dengue,2024-09-29,31
Pune,Dengue,2024-10-06,31
Pune,Dengue,2024-10-13,26
Pune,Dengue,2024-10-20,24
Pune,Dengue,2024-10-27,26
Pune,Dengue,2024-11-03,31
Pune,Dengue,2024-11-10,27
Pune,Dengue,2024-11-17,25
Pune,Dengue,2024-11-24,24
Pune,Dengue,2024-12-01,30
Pune,Dengue,2024-12-08,35
Pune,Dengue,2024-12-15,35
Pune,Dengue,2024-12-22,35
Pune,Dengue,2024-12-29,35
Pune,Malaria,2024-01-07,25
Pune,Malaria,2024-01-14,24
Pune,Malaria,2024-01-21,26
Pune,Malaria,2024-01-28,23
Pune,Malaria,2024-02-04,22
Pune,Malaria,2024-02-11,19
Pune,Malaria,2024-02-18,25
Pune,Malaria,2024-02-25,23
Pune,Malaria,2024-03-03,25
Pune,Malaria,2024-03-10,19
Pune,Malaria,2024-03-17,21
Pune,Malaria,2024-03-24,19
Pune,Malaria,2024-03-31,24
Pune,Malaria,2024-04-07,19
Pune,Malaria,2024-04-14,19
Pune,Malaria,2024-04-21,24
Pune,Malaria,2024-04-28,22
Pune,Malaria,2024-05-05,26
Pune,Malaria,2024-05-12,19
Pune,Malaria,2024-05-19,24
Pune,Malaria,2024-05-26,23
Pune,Malaria,2024-06-02,21
Pune,Malaria,2024-06-09,21
Pune,Malaria,2024-06-16,19
Pune,Malaria,2024-06-23,22
Pune,Malaria,2024-06-30,22
Pune,Malaria,2024-07-07,23
Pune,Malaria,2024-07-14,19
Pune,Malaria,2024-07-21,21
Pune,Malaria,2024-07-28,22
Pune,Malaria,2024-08-04,19
Pune,Malaria,2024-08-11,25
Pune,Malaria,2024-08-18,22
Pune,Malaria,2024-08-25,24
Pune,Malaria,2024-09-01,25
Pune,Malaria,2024-09-08,26
Pune,Malaria,2024-09-15,22
Pune,Malaria,2024-09-22,21
Pune,Malaria,2024-09-29,20
Pune,Malaria,2024-10-06,25
Pune,Malaria,2024-10-13,26
Pune,Malaria,2024-10-20,23
Pune,Malaria,2024-10-27,23
Pune,Malaria,2024-11-03,21
Pune,Malaria,2024-11-10,22
Pune,Malaria,2024-11-17,19
Pune,Malaria,2024-11-24,22
Pune,Malaria,2024-12-01,21
Pune,Malaria,2024-12-08,28
Pune,Malaria,2024-12-15,28
Pune,Malaria,2024-12-22,28
Pune,Malaria,2024-12-29,28
Pune,Cholera,2024-01-07,19
Pune,Cholera,2024-01-14,20
Pune,Cholera,2024-01-21,22
Pune,Cholera,2024-01-28,23
Pune,Cholera,2024-02-04,16
Pune,Cholera,2024-02-11,22
Pune,Cholera,2024-02-18,20
Pune,Cholera,2024-02-25,20
Pune,Cholera,2024-03-03,17
Pune,Cholera,2024-03-10,17
Pune,Cholera,2024-03-17,22
Pune,Cholera,2024-03-24,21
Pune,Cholera,2024-03-31,22
Pune,Cholera,2024-04-07,17
Pune,Cholera,2024-04-14,20
Pune,Cholera,2024-04-21,18
Pune,Cholera,2024-04-28,22
Pune,Cholera,2024-05-05,20
Pune,Cholera,2024-05-12,18
Pune,Cholera,2024-05-19,18
Pune,Cholera,2024-05-26,17
Pune,Cholera,2024-06-02,22
Pune,Cholera,2024-06-09,19
Pune,Cholera,2024-06-16,16
Pune,Cholera,2024-06-23,17
Pune,Cholera,2024-06-30,17
Pune,Cholera,2024-07-07,19
Pune,Cholera,2024-07-14,16
Pune,Cholera,2024-07-21,20
Pune,Cholera,2024-07-28,21
Pune,Cholera,2024-08-04,22
Pune,Cholera,2024-08-11,21
Pune,Cholera,2024-08-18,20
Pune,Cholera,2024-08-25,23
Pune,Cholera,2024-09-01,17
Pune,Cholera,2024-09-08,16
Pune,Cholera,2024-09-15,17
Pune,Cholera,2024-09-22,18
Pune,Cholera,2024-09-29,17
Pune,Cholera,2024-10-06,17
Pune,Cholera,2024-10-13,20
Pune,Cholera,2024-10-20,20
Pune,Cholera,2024-10-27,20
Pune,Cholera,2024-11-03,21
Pune,Cholera,2024-11-10,18
Pune,Cholera,2024-11-17,23
Pune,Cholera,2024-11-24,23
Pune,Cholera,2024-12-01,20
Pune,Cholera,2024-12-08,24
Pune,Cholera,2024-12-15,24
Pune,Cholera,2024-12-22,24
Pune,Cholera,2024-12-29,24
Hyderabad,Dengue,2024-01-07,17
Hyderabad,Dengue,2024-01-14,15
Hyderabad,Dengue,2024-01-21,12
Hyderabad,Dengue,2024-01-28,18
Hyderabad,Dengue,2024-02-04,18
Hyderabad,Dengue,2024-02-11,12
Hyderabad,Dengue,2024-02-18,16
Hyderabad,Dengue,2024-02-25,15
Hyderabad,Dengue,2024-03-03,15
Hyderabad,Dengue,2024-03-10,17
Hyderabad,Dengue,2024-03-17,15
Hyderabad,Dengue,2024-03-24,18
Hyderabad,Dengue,2024-03-31,14
Hyderabad,Dengue,2024-04-07,16
Hyderabad,Dengue,2024-04-14,15
Hyderabad,Dengue,2024-04-21,17
Hyderabad,Dengue,2024-04-28,18
Hyderabad,Dengue,2024-05-05,14
Hyderabad,Dengue,2024-05-12,13
Hyderabad,Dengue,2024-05-19,13
Hyderabad,Dengue,2024-05-26,14
Hyderabad,Dengue,2024-06-02,18
Hyderabad,Dengue,2024-06-09,17
Hyderabad,Dengue,2024-06-16,14
Hyderabad,Dengue,2024-06-23,16
Hyderabad,Dengue,2024-06-30,16
Hyderabad,Dengue,2024-07-07,13
Hyderabad,Dengue,2024-07-14,15
Hyderabad,Dengue,2024-07-21,17
Hyderabad,Dengue,2024-07-28,13
Hyderabad,Dengue,2024-08-04,15
Hyderabad,Dengue,2024-08-11,15
Hyderabad,Dengue,2024-08-18,19
Hyderabad,Dengue,2024-08-25,16
Hyderabad,Dengue,2024-09-01,18
Hyderabad,Dengue,2024-09-08,12
Hyderabad,Dengue,2024-09-15,18
Hyderabad,Dengue,2024-09-22,12
Hyderabad,Dengue,2024-09-29,14
Hyderabad,Dengue,2024-10-06,16
Hyderabad,Dengue,2024-10-13,15
Hyderabad,Dengue,2024-10-20,17
Hyderabad,Dengue,2024-10-27,12
Hyderabad,Dengue,2024-11-03,18
Hyderabad,Dengue,2024-11-10,15
Hyderabad,Dengue,2024-11-17,12
Hyderabad,Dengue,2024-11-24,12
Hyderabad,Dengue,2024-12-01,19
Hyderabad,Dengue,2024-12-08,16
Hyderabad,Dengue,2024-12-15,16
Hyderabad,Dengue,2024-12-22,16
Hyderabad,Dengue,2024-12-29,16
Hyderabad,Malaria,2024-01-07,17
Hyderabad,Malaria,2024-01-14,16
Hyderabad,Malaria,2024-01-21,17
Hyderabad,Malaria,2024-01-28,13
Hyderabad,Malaria,2024-02-04,15
Hyderabad,Malaria,2024-02-11,16
Hyderabad,Malaria,2024-02-18,19
Hyderabad,Malaria,2024-02-25,16
Hyderabad,Malaria,2024-03-03,16
Hyderabad,Malaria,2024-03-10,18
Hyderabad,Malaria,2024-03-17,16
Hyderabad,Malaria,2024-03-24,19
Hyderabad,Malaria,2024-03-31,17
Hyderabad,Malaria,2024-04-07,16
Hyderabad,Malaria,2024-04-14,14
Hyderabad,Malaria,2024-04-21,15
Hyderabad,Malaria,2024-04-28,16
Hyderabad,Malaria,2024-05-05,15
Hyderabad,Malaria,2024-05-12,14
Hyderabad,Malaria,2024-05-19,14
Hyderabad,Malaria,2024-05-26,15
Hyderabad,Malaria,2024-06-02,12
Hyderabad,Malaria,2024-06-09,13
Hyderabad,Malaria,2024-06-16,18
Hyderabad,Malaria,2024-06-23,12
Hyderabad,Malaria,2024-06-30,12
Hyderabad,Malaria,2024-07-07,17
Hyderabad,Malaria,2024-07-14,18
Hyderabad,Malaria,2024-07-21,18
Hyderabad,Malaria,2024-07-28,12
Hyderabad,Malaria,2024-08-04,16
Hyderabad,Malaria,2024-08-11,17
Hyderabad,Malaria,2024-08-18,17
Hyderabad,Malaria,2024-08-25,14
Hyderabad,Malaria,2024-09-01,19
Hyderabad,Malaria,2024-09-08,18
Hyderabad,Malaria,2024-09-15,12
Hyderabad,Malaria,2024-09-22,14
Hyderabad,Malaria,2024-09-29,15
Hyderabad,Malaria,2024-10-06,13
Hyderabad,Malaria,2024-10-13,19
Hyderabad,Malaria,2024-10-20,19
Hyderabad,Malaria,2024-10-27,19
Hyderabad,Malaria,2024-11-03,17
Hyderabad,Malaria,2024-11-10,15
Hyderabad,Malaria,2024-11-17,19
Hyderabad,Malaria,2024-11-24,15
Hyderabad,Malaria,2024-12-01,16
Hyderabad,Malaria,2024-12-08,16
Hyderabad,Malaria,2024-12-15,16
Hyderabad,Malaria,2024-12-22,16
Hyderabad,Malaria,2024-12-29,16
Hyderabad,Cholera,2024-01-07,20
Hyderabad,Cholera,2024-01-14,22
Hyderabad,Cholera,2024-01-21,22
Hyderabad,Cholera,2024-01-28,20
Hyderabad,Cholera,2024-02-04,26
Hyderabad,Cholera,2024-02-11,20
Hyderabad,Cholera,2024-02-18,22
Hyderabad,Cholera,2024-02-25,20
Hyderabad,Cholera,2024-03-03,22
Hyderabad,Cholera,2024-03-10,22
Hyderabad,Cholera,2024-03-17,23
Hyderabad,Cholera,2024-03-24,19
Hyderabad,Cholera,2024-03-31,22
Hyderabad,Cholera,2024-04-07,26
Hyderabad,Cholera,2024-04-14,21
Hyderabad,Cholera,2024-04-21,24
Hyderabad,Cholera,2024-04-28,25
Hyderabad,Cholera,2024-05-05,19
Hyderabad,Cholera,2024-05-12,19
Hyderabad,Cholera,2024-05-19,19
Hyderabad,Cholera,2024-05-26,23
Hyderabad,Cholera,2024-06-02,22
Hyderabad,Cholera,2024-06-09,23
Hyderabad,Cholera,2024-06-16,22
Hyderabad,Cholera,2024-06-23,26
Hyderabad,Cholera,2024-06-30,23
Hyderabad,Cholera,2024-07-07,23
Hyderabad,Cholera,2024-07-14,24
Hyderabad,Cholera,2024-07-21,21
Hyderabad,Cholera,2024-07-28,23
Hyderabad,Cholera,2024-08-04,24
Hyderabad,Cholera,2024-08-11,20
Hyderabad,Cholera,2024-08-18,21
Hyderabad,Cholera,2024-08-25,26
Hyderabad,Cholera,2024-09-01,23
Hyderabad,Cholera,2024-09-08,25
Hyderabad,Cholera,2024-09-15,19
Hyderabad,Cholera,2024-09-22,20
Hyderabad,Cholera,2024-09-29,20
Hyderabad,Cholera,2024-10-06,26
Hyderabad,Cholera,2024-10-13,24
Hyderabad,Cholera,2024-10-20,20
Hyderabad,Cholera,2024-10-27,21
Hyderabad,Cholera,2024-11-03,23
Hyderabad,Cholera,2024-11-10,23
Hyderabad,Cholera,2024-11-17,25
Hyderabad,Cholera,2024-11-24,26
Hyderabad,Cholera,2024-12-01,19
Hyderabad,Cholera,2024-12-08,24
Hyderabad,Cholera,2024-12-15,24
Hyderabad,Cholera,2024-12-22,24
Hyderabad,Cholera,2024-12-29,24
Jaipur,Dengue,2024-01-07,17
Jaipur,Dengue,2024-01-14,18
Jaipur,Dengue,2024-01-21,24
Jaipur,Dengue,2024-01-28,23
Jaipur,Dengue,2024-02-04,17
Jaipur,Dengue,2024-02-11,19
Jaipur,Dengue,2024-02-18,21
Jaipur,Dengue,2024-02-25,18
Jaipur,Dengue,2024-03-03,23
Jaipur,Dengue,2024-03-10,17
Jaipur,Dengue,2024-03-17,22
Jaipur,Dengue,2024-03-24,19
Jaipur,Dengue,2024-03-31,19
Jaipur,Dengue,2024-04-07,17
Jaipur,Dengue,2024-04-14,21
Jaipur,Dengue,2024-04-21,17
Jaipur,Dengue,2024-04-28,18
Jaipur,Dengue,2024-05-05,17
Jaipur,Dengue,2024-05-12,19
Jaipur,Dengue,2024-05-19,23
Jaipur,Dengue,2024-05-26,17
Jaipur,Dengue,2024-06-02,21
Jaipur,Dengue,2024-06-09,24
Jaipur,Dengue,2024-06-16,23
Jaipur,Dengue,2024-06-23,22
Jaipur,Dengue,2024-06-30,20
Jaipur,Dengue,2024-07-07,17
Jaipur,Dengue,2024-07-14,21
Jaipur,Dengue,2024-07-21,23
Jaipur,Dengue,2024-07-28,21
Jaipur,Dengue,2024-08-04,22
Jaipur,Dengue,2024-08-11,19
Jaipur,Dengue,2024-08-18,21
Jaipur,Dengue,2024-08-25,23
Jaipur,Dengue,2024-09-01,21
Jaipur,Dengue,2024-09-08,21
Jaipur,Dengue,2024-09-15,21
Jaipur,Dengue,2024-09-22,18
Jaipur,Dengue,2024-09-29,18
Jaipur,Dengue,2024-10-06,19
Jaipur,Dengue,2024-10-13,17
Jaipur,Dengue,2024-10-20,21
Jaipur,Dengue,2024-10-27,22
Jaipur,Dengue,2024-11-03,17
Jaipur,Dengue,2024-11-10,22
Jaipur,Dengue,2024-11-17,17
Jaipur,Dengue,2024-11-24,19
Jaipur,Dengue,2024-12-01,21
Jaipur,Dengue,2024-12-08,20
Jaipur,Dengue,2024-12-15,20
Jaipur,Dengue,2024-12-22,20
Jaipur,Dengue,2024-12-29,20
Jaipur,Malaria,2024-01-07,27
Jaipur,Malaria,2024-01-14,29
Jaipur,Malaria,2024-01-21,24
Jaipur,Malaria,2024-01-28,24
Jaipur,Malaria,2024-02-04,31
Jaipur,Malaria,2024-02-11,31
Jaipur,Malaria,2024-02-18,25
Jaipur,Malaria,2024-02-25,27
Jaipur,Malaria,2024-03-03,30
Jaipur,Malaria,2024-03-10,31
Jaipur,Malaria,2024-03-17,30
Jaipur,Malaria,2024-03-24,25
Jaipur,Malaria,2024-03-31,25
Jaipur,Malaria,2024-04-07,25
Jaipur,Malaria,2024-04-14,29
Jaipur,Malaria,2024-04-21,29
Jaipur,Malaria,2024-04-28,26
Jaipur,Malaria,2024-05-05,26
Jaipur,Malaria,2024-05-12,25
Jaipur,Malaria,2024-05-19,27
Jaipur,Malaria,2024-05-26,24
Jaipur,Malaria,2024-06-02,29
Jaipur,Malaria,2024-06-09,27
Jaipur,Malaria,2024-06-16,28
Jaipur,Malaria,2024-06-23,29
Jaipur,Malaria,2024-06-30,29
Jaipur,Malaria,2024-07-07,26
Jaipur,Malaria,2024-07-14,24
Jaipur,Malaria,2024-07-21,24
Jaipur,Malaria,2024-07-28,31
Jaipur,Malaria,2024-08-04,30
Jaipur,Malaria,2024-08-11,30
Jaipur,Malaria,2024-08-18,30
Jaipur,Malaria,2024-08-25,30
Jaipur,Malaria,2024-09-01,28
Jaipur,Malaria,2024-09-08,28
Jaipur,Malaria,2024-09-15,29
Jaipur,Malaria,2024-09-22,25
Jaipur,Malaria,2024-09-29,26
Jaipur,Malaria,2024-10-06,26
Jaipur,Malaria,2024-10-13,30
Jaipur,Malaria,2024-10-20,29
Jaipur,Malaria,2024-10-27,31
Jaipur,Malaria,2024-11-03,27
Jaipur,Malaria,2024-11-10,25
Jaipur,Malaria,2024-11-17,29
Jaipur,Malaria,2024-11-24,25
Jaipur,Malaria,2024-12-01,25
Jaipur,Malaria,2024-12-08,27
Jaipur,Malaria,2024-12-15,27
Jaipur,Malaria,2024-12-22,27
Jaipur,Malaria,2024-12-29,27
Jaipur,Cholera,2024-01-07,18
Jaipur,Cholera,2024-01-14,19
Jaipur,Cholera,2024-01-21,15
Jaipur,Cholera,2024-01-28,15
Jaipur,Cholera,2024-02-04,19
Jaipur,Cholera,2024-02-11,14
Jaipur,Cholera,2024-02-18,16
Jaipur,Cholera,2024-02-25,13
Jaipur,Cholera,2024-03-03,18
Jaipur,Cholera,2024-03-10,13
Jaipur,Cholera,2024-03-17,20
Jaipur,Cholera,2024-03-24,19
Jaipur,Cholera,2024-03-31,16
Jaipur,Cholera,2024-04-07,18
Jaipur,Cholera,2024-04-14,19
Jaipur,Cholera,2024-04-21,14
Jaipur,Cholera,2024-04-28,15
Jaipur,Cholera,2024-05-05,13
Jaipur,Cholera,2024-05-12,17
Jaipur,Cholera,2024-05-19,17
Jaipur,Cholera,2024-05-26,16
Jaipur,Cholera,2024-06-02,14
Jaipur,Cholera,2024-06-09,20
Jaipur,Cholera,2024-06-16,13
Jaipur,Cholera,2024-06-23,14
Jaipur,Cholera,2024-06-30,13
Jaipur,Cholera,2024-07-07,16
Jaipur,Cholera,2024-07-14,16
Jaipur,Cholera,2024-07-21,20
Jaipur,Cholera,2024-07-28,17
Jaipur,Cholera,2024-08-04,14
Jaipur,Cholera,2024-08-11,18
Jaipur,Cholera,2024-08-18,17
Jaipur,Cholera,2024-08-25,14
Jaipur,Cholera,2024-09-01,17
Jaipur,Cholera,2024-09-08,18
Jaipur,Cholera,2024-09-15,15
Jaipur,Cholera,2024-09-22,15
Jaipur,Cholera,2024-09-29,20
Jaipur,Cholera,2024-10-06,15
Jaipur,Cholera,2024-10-13,15
Jaipur,Cholera,2024-10-20,19
Jaipur,Cholera,2024-10-27,13
Jaipur,Cholera,2024-11-03,19
Jaipur,Cholera,2024-11-10,19
Jaipur,Cholera,2024-11-17,20
Jaipur,Cholera,2024-11-24,19
Jaipur,Cholera,2024-12-01,15
Jaipur,Cholera,2024-12-08,16
Jaipur,Cholera,2024-12-15,16
Jaipur,Cholera,2024-12-22,16
Jaipur,Cholera,2024-12-29,16
Lucknow,Dengue,2024-01-07,24
Lucknow,Dengue,2024-01-14,24
Lucknow,Dengue,2024-01-21,20
Lucknow,Dengue,2024-01-28,24
Lucknow,Dengue,2024-02-04,20
Lucknow,Dengue,2024-02-11,24
Lucknow,Dengue,2024-02-18,17
Lucknow,Dengue,2024-02-25,19
Lucknow,Dengue,2024-03-03,24
Lucknow,Dengue,2024-03-10,19
Lucknow,Dengue,2024-03-17,19
Lucknow,Dengue,2024-03-24,21
Lucknow,Dengue,2024-03-31,24
Lucknow,Dengue,2024-04-07,18
Lucknow,Dengue,2024-04-14,21
Lucknow,Dengue,2024-04-21,18
Lucknow,Dengue,2024-04-28,19
Lucknow,Dengue,2024-05-05,19
Lucknow,Dengue,2024-05-12,21
Lucknow,Dengue,2024-05-19,21
Lucknow,Dengue,2024-05-26,18
Lucknow,Dengue,2024-06-02,20
Lucknow,Dengue,2024-06-09,18
Lucknow,Dengue,2024-06-16,21
Lucknow,Dengue,2024-06-23,22
Lucknow,Dengue,2024-06-30,21
Lucknow,Dengue,2024-07-07,22
Lucknow,Dengue,2024-07-14,17
Lucknow,Dengue,2024-07-21,21
Lucknow,Dengue,2024-07-28,17
Lucknow,Dengue,2024-08-04,20
Lucknow,Dengue,2024-08-11,18
Lucknow,Dengue,2024-08-18,22
Lucknow,Dengue,2024-08-25,18
Lucknow,Dengue,2024-09-01,17
Lucknow,Dengue,2024-09-08,22
Lucknow,Dengue,2024-09-15,18
Lucknow,Dengue,2024-09-22,21
Lucknow,Dengue,2024-09-29,19
Lucknow,Dengue,2024-10-06,17
Lucknow,Dengue,2024-10-13,18
Lucknow,Dengue,2024-10-20,17
Lucknow,Dengue,2024-10-27,23
Lucknow,Dengue,2024-11-03,17
Lucknow,Dengue,2024-11-10,22
Lucknow,Dengue,2024-11-17,23
Lucknow,Dengue,2024-11-24,24
Lucknow,Dengue,2024-12-01,22
Lucknow,Dengue,2024-12-08,18
Lucknow,Dengue,2024-12-15,18
Lucknow,Dengue,2024-12-22,18
Lucknow,Dengue,2024-12-29,18
Lucknow,Malaria,2024-01-07,28
Lucknow,Malaria,2024-01-14,29
Lucknow,Malaria,2024-01-21,26
Lucknow,Malaria,2024-01-28,22
Lucknow,Malaria,2024-02-04,23
Lucknow,Malaria,2024-02-11,25
Lucknow,Malaria,2024-02-18,22
Lucknow,Malaria,2024-02-25,29
Lucknow,Malaria,2024-03-03,22
Lucknow,Malaria,2024-03-10,24
Lucknow,Malaria,2024-03-17,26
Lucknow,Malaria,2024-03-24,25
Lucknow,Malaria,2024-03-31,28
Lucknow,Malaria,2024-04-07,28
Lucknow,Malaria,2024-04-14,28
Lucknow,Malaria,2024-04-21,29
Lucknow,Malaria,2024-04-28,27
Lucknow,Malaria,2024-05-05,27
Lucknow,Malaria,2024-05-12,23
Lucknow,Malaria,2024-05-19,25
Lucknow,Malaria,2024-05-26,28
Lucknow,Malaria,2024-06-02,27
Lucknow,Malaria,2024-06-09,29
Lucknow,Malaria,2024-06-16,23
Lucknow,Malaria,2024-06-23,26
Lucknow,Malaria,2024-06-30,23
Lucknow,Malaria,2024-07-07,27
Lucknow,Malaria,2024-07-14,24
Lucknow,Malaria,2024-07-21,29
Lucknow,Malaria,2024-07-28,24
Lucknow,Malaria,2024-08-04,28
Lucknow,Malaria,2024-08-11,24
Lucknow,Malaria,2024-08-18,28
Lucknow,Malaria,2024-08-25,28
Lucknow,Malaria,2024-09-01,27
Lucknow,Malaria,2024-09-08,24
Lucknow,Malaria,2024-09-15,28
Lucknow,Malaria,2024-09-22,25
Lucknow,Malaria,2024-09-29,26
Lucknow,Malaria,2024-10-06,23
Lucknow,Malaria,2024-10-13,23
Lucknow,Malaria,2024-10-20,27
Lucknow,Malaria,2024-10-27,24
Lucknow,Malaria,2024-11-03,24
Lucknow,Malaria,2024-11-10,28
Lucknow,Malaria,2024-11-17,29
Lucknow,Malaria,2024-11-24,22
Lucknow,Malaria,2024-12-01,28
Lucknow,Malaria,2024-12-08,22
Lucknow,Malaria,2024-12-15,22
Lucknow,Malaria,2024-12-22,22
Lucknow,Malaria,2024-12-29,22
Lucknow,Cholera,2024-01-07,19
Lucknow,Cholera,2024-01-14,17
Lucknow,Cholera,2024-01-21,22
Lucknow,Cholera,2024-01-28,16
Lucknow,Cholera,2024-02-04,16
Lucknow,Cholera,2024-02-11,22
Lucknow,Cholera,2024-02-18,21
Lucknow,Cholera,2024-02-25,17
Lucknow,Cholera,2024-03-03,21
Lucknow,Cholera,2024-03-10,19
Lucknow,Cholera,2024-03-17,16
Lucknow,Cholera,2024-03-24,16
Lucknow,Cholera,2024-03-31,20
Lucknow,Cholera,2024-04-07,19
Lucknow,Cholera,2024-04-14,16
Lucknow,Cholera,2024-04-21,19
Lucknow,Cholera,2024-04-28,17
Lucknow,Cholera,2024-05-05,18
Lucknow,Cholera,2024-05-12,16
Lucknow,Cholera,2024-05-19,20
Lucknow,Cholera,2024-05-26,17
Lucknow,Cholera,2024-06-02,22
Lucknow,Cholera,2024-06-09,19
Lucknow,Cholera,2024-06-16,22
Lucknow,Cholera,2024-06-23,21
Lucknow,Cholera,2024-06-30,17
Lucknow,Cholera,2024-07-07,22
Lucknow,Cholera,2024-07-14,23
Lucknow,Cholera,2024-07-21,23
Lucknow,Cholera,2024-07-28,16
Lucknow,Cholera,2024-08-04,19
Lucknow,Cholera,2024-08-11,18
Lucknow,Cholera,2024-08-18,17
Lucknow,Cholera,2024-08-25,16
Lucknow,Cholera,2024-09-01,20
Lucknow,Cholera,2024-09-08,21
Lucknow,Cholera,2024-09-15,19
Lucknow,Cholera,2024-09-22,17
Lucknow,Cholera,2024-09-29,23
Lucknow,Cholera,2024-10-06,17
Lucknow,Cholera,2024-10-13,18
Lucknow,Cholera,2024-10-20,23
Lucknow,Cholera,2024-10-27,18
Lucknow,Cholera,2024-11-03,20
Lucknow,Cholera,2024-11-10,21
Lucknow,Cholera,2024-11-17,20
Lucknow,Cholera,2024-11-24,16
Lucknow,Cholera,2024-12-01,16
Lucknow,Cholera,2024-12-08,17
Lucknow,Cholera,2024-12-15,17
Lucknow,Cholera,2024-12-22,17
Lucknow,Cholera,2024-12-29,17
Bhopal,Dengue,2024-01-07,21
Bhopal,Dengue,2024-01-14,20
Bhopal,Dengue,2024-01-21,21
Bhopal,Dengue,2024-01-28,21
Bhopal,Dengue,2024-02-04,22
Bhopal,Dengue,2024-02-11,23
Bhopal,Dengue,2024-02-18,19
Bhopal,Dengue,2024-02-25,21
Bhopal,Dengue,2024-03-03,18
Bhopal,Dengue,2024-03-10,21
Bhopal,Dengue,2024-03-17,21
Bhopal,Dengue,2024-03-24,21
Bhopal,Dengue,2024-03-31,22
Bhopal,Dengue,2024-04-07,23
Bhopal,Dengue,2024-04-14,22
Bhopal,Dengue,2024-04-21,16
Bhopal,Dengue,2024-04-28,22
Bhopal,Dengue,2024-05-05,18
Bhopal,Dengue,2024-05-12,18
Bhopal,Dengue,2024-05-19,22
Bhopal,Dengue,2024-05-26,23
Bhopal,Dengue,2024-06-02,20
Bhopal,Dengue,2024-06-09,19
Bhopal,Dengue,2024-06-16,23
Bhopal,Dengue,2024-06-23,22
Bhopal,Dengue,2024-06-30,21
Bhopal,Dengue,2024-07-07,17
Bhopal,Dengue,2024-07-14,19
Bhopal,Dengue,2024-07-21,19
Bhopal,Dengue,2024-07-28,18
Bhopal,Dengue,2024-08-04,19
Bhopal,Dengue,2024-08-11,22
Bhopal,Dengue,2024-08-18,21
Bhopal,Dengue,2024-08-25,21
Bhopal,Dengue,2024-09-01,16
Bhopal,Dengue,2024-09-08,21
Bhopal,Dengue,2024-09-15,23
Bhopal,Dengue,2024-09-22,21
Bhopal,Dengue,2024-09-29,18
Bhopal,Dengue,2024-10-06,21
Bhopal,Dengue,2024-10-13,16
Bhopal,Dengue,2024-10-20,17
Bhopal,Dengue,2024-10-27,22
Bhopal,Dengue,2024-11-03,18
Bhopal,Dengue,2024-11-10,23
Bhopal,Dengue,2024-11-17,17
Bhopal,Dengue,2024-11-24,18
Bhopal,Dengue,2024-12-01,20
Bhopal,Dengue,2024-12-08,15
Bhopal,Dengue,2024-12-15,15
Bhopal,Dengue,2024-12-22,15
Bhopal,Dengue,2024-12-29,15
Bhopal,Malaria,2024-01-07,27
Bhopal,Malaria,2024-01-14,28
Bhopal,Malaria,2024-01-21,24
Bhopal,Malaria,2024-01-28,28
Bhopal,Malaria,2024-02-04,26
Bhopal,Malaria,2024-02-11,25
Bhopal,Malaria,2024-02-18,26
Bhopal,Malaria,2024-02-25,23
Bhopal,Malaria,2024-03-03,26
Bhopal,Malaria,2024-03-10,23
Bhopal,Malaria,2024-03-17,26
Bhopal,Malaria,2024-03-24,29
Bhopal,Malaria,2024-03-31,23
Bhopal,Malaria,2024-04-07,24
Bhopal,Malaria,2024-04-14,28
Bhopal,Malaria,2024-04-21,30
Bhopal,Malaria,2024-04-28,28
Bhopal,Malaria,2024-05-05,27
Bhopal,Malaria,2024-05-12,28
Bhopal,Malaria,2024-05-19,25
Bhopal,Malaria,2024-05-26,29
Bhopal,Malaria,2024-06-02,26
Bhopal,Malaria,2024-06-09,27
Bhopal,Malaria,2024-06-16,25
Bhopal,Malaria,2024-06-23,25
Bhopal,Malaria,2024-06-30,23
Bhopal,Malaria,2024-07-07,28
Bhopal,Malaria,2024-07-14,24
Bhopal,Malaria,2024-07-21,30
Bhopal,Malaria,2024-07-28,24
Bhopal,Malaria,2024-08-04,27
Bhopal,Malaria,2024-08-11,29
Bhopal,Malaria,2024-08-18,24
Bhopal,Malaria,2024-08-25,26
Bhopal,Malaria,2024-09-01,24
Bhopal,Malaria,2024-09-08,27
Bhopal,Malaria,2024-09-15,30
Bhopal,Malaria,2024-09-22,24
Bhopal,Malaria,2024-09-29,26
Bhopal,Malaria,2024-10-06,23
Bhopal,Malaria,2024-10-13,29
Bhopal,Malaria,2024-10-20,27
Bhopal,Malaria,2024-10-27,23
Bhopal,Malaria,2024-11-03,23
Bhopal,Malaria,2024-11-10,23
Bhopal,Malaria,2024-11-17,25
Bhopal,Malaria,2024-11-24,29
Bhopal,Malaria,2024-12-01,30
Bhopal,Malaria,2024-12-08,20
Bhopal,Malaria,2024-12-15,20
Bhopal,Malaria,2024-12-22,20
Bhopal,Malaria,2024-12-29,20
Bhopal,Cholera,2024-01-07,23
Bhopal,Cholera,2024-01-14,19
Bhopal,Cholera,2024-01-21,22
Bhopal,Cholera,2024-01-28,23
Bhopal,Cholera,2024-02-04,17
Bhopal,Cholera,2024-02-11,21
Bhopal,Cholera,2024-02-18,22
Bhopal,Cholera,2024-02-25,20
Bhopal,Cholera,2024-03-03,20
Bhopal,Cholera,2024-03-10,18
Bhopal,Cholera,2024-03-17,22
Bhopal,Cholera,2024-03-24,21
Bhopal,Cholera,2024-03-31,24
Bhopal,Cholera,2024-04-07,19
Bhopal,Cholera,2024-04-14,17
Bhopal,Cholera,2024-04-21,18
Bhopal,Cholera,2024-04-28,20
Bhopal,Cholera,2024-05-05,19
Bhopal,Cholera,2024-05-12,19
Bhopal,Cholera,2024-05-19,17
Bhopal,Cholera,2024-05-26,24
Bhopal,Cholera,2024-06-02,24
Bhopal,Cholera,2024-06-09,22
Bhopal,Cholera,2024-06-16,20
Bhopal,Cholera,2024-06-23,24
Bhopal,Cholera,2024-06-30,21
Bhopal,Cholera,2024-07-07,24
Bhopal,Cholera,2024-07-14,19
Bhopal,Cholera,2024-07-21,17
Bhopal,Cholera,2024-07-28,21
Bhopal,Cholera,2024-08-04,22
Bhopal,Cholera,2024-08-11,20
Bhopal,Cholera,2024-08-18,22
Bhopal,Cholera,2024-08-25,19
Bhopal,Cholera,2024-09-01,21
Bhopal,Cholera,2024-09-08,21
Bhopal,Cholera,2024-09-15,21
Bhopal,Cholera,2024-09-22,19
Bhopal,Cholera,2024-09-29,19
Bhopal,Cholera,2024-10-06,22
Bhopal,Cholera,2024-10-13,18
Bhopal,Cholera,2024-10-20,22
Bhopal,Cholera,2024-10-27,20
Bhopal,Cholera,2024-11-03,17
Bhopal,Cholera,2024-11-10,21
Bhopal,Cholera,2024-11-17,18
Bhopal,Cholera,2024-11-24,17
Bhopal,Cholera,2024-12-01,18
Bhopal,Cholera,2024-12-08,16
Bhopal,Cholera,2024-12-15,16
Bhopal,Cholera,2024-12-22,16
Bhopal,Cholera,2024-12-29,16
